{
    "counter": {
        "ACTIVE": 776,
        "INACTIVE": 138,
        "INVALID": 0,
        "MALICIOUS": 0,
        "SANE": 0,
        "VALID": 0,
        "total": 914
    },
    "percentage": {
        "ACTIVE": 84.9015317286652,
        "INACTIVE": 15.198237885462555,
        "INVALID": 0,
        "MALICIOUS": 0,
        "SANE": 0,
        "VALID": 0,
        "total": 100.09976961412777
    }
}