{
    "counter": {
        "ACTIVE": 1259,
        "INACTIVE": 228,
        "INVALID": 0,
        "MALICIOUS": 0,
        "SANE": 0,
        "VALID": 0,
        "total": 1487
    },
    "percentage": {
        "ACTIVE": 84.66711499663752,
        "INACTIVE": 15.332885003362474,
        "INVALID": 0.0,
        "MALICIOUS": 0.0,
        "SANE": 0.0,
        "VALID": 0.0,
        "total": 100.0
    }
}