{
    "counter": {
        "ACTIVE": 686,
        "INACTIVE": 129,
        "INVALID": 0,
        "MALICIOUS": 0,
        "SANE": 0,
        "VALID": 0,
        "total": 815
    },
    "percentage": {
        "ACTIVE": 84.1717791411043,
        "INACTIVE": 16.14518147684606,
        "INVALID": 0,
        "MALICIOUS": 0,
        "SANE": 0,
        "VALID": 0,
        "total": 100.31696061795036
    }
}