{
    "counter": {
        "ACTIVE": 882,
        "INACTIVE": 146,
        "INVALID": 0,
        "MALICIOUS": 0,
        "SANE": 0,
        "VALID": 0,
        "total": 1028
    },
    "percentage": {
        "ACTIVE": 85.88120740019474,
        "INACTIVE": 14.202334630350194,
        "INVALID": 0,
        "MALICIOUS": 0,
        "SANE": 0,
        "VALID": 0,
        "total": 100.08354203054493
    }
}