{
    "counter": {
        "ACTIVE": 777,
        "INACTIVE": 138,
        "INVALID": 0,
        "MALICIOUS": 0,
        "SANE": 0,
        "VALID": 0,
        "total": 915
    },
    "percentage": {
        "ACTIVE": 84.91803278688525,
        "INACTIVE": 15.198237885462555,
        "INVALID": 0,
        "MALICIOUS": 0,
        "SANE": 0,
        "VALID": 0,
        "total": 100.11627067234781
    }
}