{
    "counter": {
        "ACTIVE": 699,
        "INACTIVE": 130,
        "INVALID": 0,
        "MALICIOUS": 0,
        "SANE": 0,
        "VALID": 0,
        "total": 829
    },
    "percentage": {
        "ACTIVE": 84.31845597104946,
        "INACTIVE": 15.853658536585366,
        "INVALID": 0,
        "MALICIOUS": 0,
        "SANE": 0,
        "VALID": 0,
        "total": 100.17211450763483
    }
}