{
    "counter": {
        "ACTIVE": 115,
        "INACTIVE": 23,
        "INVALID": 0,
        "MALICIOUS": 0,
        "SANE": 0,
        "VALID": 0,
        "total": 138
    },
    "percentage": {
        "ACTIVE": 83.33333333333333,
        "INACTIVE": 16.78832116788321,
        "INVALID": 0,
        "MALICIOUS": 0,
        "SANE": 0,
        "VALID": 0,
        "total": 100.12165450121654
    }
}