{
    "counter": {
        "ACTIVE": 837,
        "INACTIVE": 141,
        "INVALID": 0,
        "MALICIOUS": 0,
        "SANE": 0,
        "VALID": 0,
        "total": 978
    },
    "percentage": {
        "ACTIVE": 85.58282208588957,
        "INACTIVE": 14.718162839248434,
        "INVALID": 0,
        "MALICIOUS": 0,
        "SANE": 0,
        "VALID": 0,
        "total": 100.30098492513801
    }
}