{
    "counter": {
        "ACTIVE": 666,
        "INACTIVE": 127,
        "INVALID": 0,
        "MALICIOUS": 0,
        "SANE": 0,
        "VALID": 0,
        "total": 793
    },
    "percentage": {
        "ACTIVE": 83.98486759142497,
        "INACTIVE": 16.157760814249365,
        "INVALID": 0,
        "MALICIOUS": 0,
        "SANE": 0,
        "VALID": 0,
        "total": 100.14262840567434
    }
}