{
    "counter": {
        "ACTIVE": 803,
        "INACTIVE": 140,
        "INVALID": 0,
        "MALICIOUS": 0,
        "SANE": 0,
        "VALID": 0,
        "total": 943
    },
    "percentage": {
        "ACTIVE": 85.15376458112407,
        "INACTIVE": 14.941302027748133,
        "INVALID": 0,
        "MALICIOUS": 0,
        "SANE": 0,
        "VALID": 0,
        "total": 100.0950666088722
    }
}