{
    "counter": {
        "ACTIVE": 1227,
        "INACTIVE": 218,
        "INVALID": 0,
        "MALICIOUS": 0,
        "SANE": 0,
        "VALID": 0,
        "total": 1445
    },
    "percentage": {
        "ACTIVE": 85.8041958041958,
        "INACTIVE": 15.086505190311419,
        "INVALID": 0,
        "MALICIOUS": 0,
        "SANE": 0,
        "VALID": 0,
        "total": 100.89070099450721
    }
}