{
    "counter": {
        "ACTIVE": 1240,
        "INACTIVE": 225,
        "INVALID": 0,
        "MALICIOUS": 0,
        "SANE": 0,
        "VALID": 0,
        "total": 1465
    },
    "percentage": {
        "ACTIVE": 84.64163822525597,
        "INACTIVE": 15.40041067761807,
        "INVALID": 0,
        "MALICIOUS": 0,
        "SANE": 0,
        "VALID": 0,
        "total": 100.04204890287404
    }
}