{
    "counter": {
        "ACTIVE": 1227,
        "INACTIVE": 207,
        "INVALID": 0,
        "MALICIOUS": 0,
        "SANE": 0,
        "VALID": 0,
        "total": 1434
    },
    "percentage": {
        "ACTIVE": 85.8041958041958,
        "INACTIVE": 14.435146443514645,
        "INVALID": 0,
        "MALICIOUS": 0,
        "SANE": 0,
        "VALID": 0,
        "total": 100.23934224771044
    }
}