{
    "counter": {
        "ACTIVE": 865,
        "INACTIVE": 142,
        "INVALID": 0,
        "MALICIOUS": 0,
        "SANE": 0,
        "VALID": 0,
        "total": 1007
    },
    "percentage": {
        "ACTIVE": 85.8987090367428,
        "INACTIVE": 14.387031408308005,
        "INVALID": 0,
        "MALICIOUS": 0,
        "SANE": 0,
        "VALID": 0,
        "total": 100.2857404450508
    }
}