{
    "counter": {
        "ACTIVE": 1262,
        "INACTIVE": 228,
        "INVALID": 0,
        "MALICIOUS": 0,
        "SANE": 0,
        "VALID": 0,
        "total": 1490
    },
    "percentage": {
        "ACTIVE": 84.69798657718121,
        "INACTIVE": 15.302013422818792,
        "INVALID": 0.0,
        "MALICIOUS": 0.0,
        "SANE": 0.0,
        "VALID": 0.0,
        "total": 100.0
    }
}