{
    "counter": {
        "ACTIVE": 1227,
        "INACTIVE": 219,
        "INVALID": 0,
        "MALICIOUS": 0,
        "SANE": 0,
        "VALID": 0,
        "total": 1446
    },
    "percentage": {
        "ACTIVE": 85.8041958041958,
        "INACTIVE": 15.145228215767634,
        "INVALID": 0,
        "MALICIOUS": 0,
        "SANE": 0,
        "VALID": 0,
        "total": 100.94942401996343
    }
}