{
    "counter": {
        "ACTIVE": 746,
        "INACTIVE": 137,
        "INVALID": 0,
        "MALICIOUS": 0,
        "SANE": 0,
        "VALID": 0,
        "total": 883
    },
    "percentage": {
        "ACTIVE": 84.48471121177803,
        "INACTIVE": 15.711009174311927,
        "INVALID": 0,
        "MALICIOUS": 0,
        "SANE": 0,
        "VALID": 0,
        "total": 100.19572038608996
    }
}