{
    "counter": {
        "ACTIVE": 1282,
        "INACTIVE": 251,
        "INVALID": 0,
        "MALICIOUS": 0,
        "SANE": 0,
        "VALID": 0,
        "total": 1533
    },
    "percentage": {
        "ACTIVE": 83.62687540769733,
        "INACTIVE": 16.373124592302673,
        "INVALID": 0.0,
        "MALICIOUS": 0.0,
        "SANE": 0.0,
        "VALID": 0.0,
        "total": 100.0
    }
}