{
    "counter": {
        "ACTIVE": 107,
        "INACTIVE": 48,
        "INVALID": 0,
        "MALICIOUS": 0,
        "SANE": 0,
        "VALID": 0,
        "total": 155
    },
    "percentage": {
        "ACTIVE": 78.67647058823529,
        "INACTIVE": 30.967741935483872,
        "INVALID": 0,
        "MALICIOUS": 0,
        "SANE": 0,
        "VALID": 0,
        "total": 109.64421252371916
    }
}