{
    "counter": {
        "ACTIVE": 1282,
        "INACTIVE": 250,
        "INVALID": 0,
        "MALICIOUS": 0,
        "SANE": 0,
        "VALID": 0,
        "total": 1532
    },
    "percentage": {
        "ACTIVE": 83.68146214099217,
        "INACTIVE": 16.318537859007833,
        "INVALID": 0.0,
        "MALICIOUS": 0.0,
        "SANE": 0.0,
        "VALID": 0.0,
        "total": 100.0
    }
}