{
    "counter": {
        "ACTIVE": 1167,
        "INACTIVE": 184,
        "INVALID": 0,
        "MALICIOUS": 0,
        "SANE": 0,
        "VALID": 0,
        "total": 1351
    },
    "percentage": {
        "ACTIVE": 86.38045891931903,
        "INACTIVE": 13.680297397769516,
        "INVALID": 0,
        "MALICIOUS": 0,
        "SANE": 0,
        "VALID": 0,
        "total": 100.06075631708855
    }
}