{
    "counter": {
        "ACTIVE": 917,
        "INACTIVE": 150,
        "INVALID": 0,
        "MALICIOUS": 0,
        "SANE": 0,
        "VALID": 0,
        "total": 1067
    },
    "percentage": {
        "ACTIVE": 85.941893158388,
        "INACTIVE": 14.124293785310735,
        "INVALID": 0,
        "MALICIOUS": 0,
        "SANE": 0,
        "VALID": 0,
        "total": 100.06618694369874
    }
}