{
    "counter": {
        "ACTIVE": 1227,
        "INACTIVE": 220,
        "INVALID": 0,
        "MALICIOUS": 0,
        "SANE": 0,
        "VALID": 0,
        "total": 1447
    },
    "percentage": {
        "ACTIVE": 85.8041958041958,
        "INACTIVE": 15.203870076019351,
        "INVALID": 0,
        "MALICIOUS": 0,
        "SANE": 0,
        "VALID": 0,
        "total": 101.00806588021516
    }
}