{
    "counter": {
        "ACTIVE": 1264,
        "INACTIVE": 228,
        "INVALID": 0,
        "MALICIOUS": 0,
        "SANE": 0,
        "VALID": 0,
        "total": 1492
    },
    "percentage": {
        "ACTIVE": 84.71849865951742,
        "INACTIVE": 15.281501340482574,
        "INVALID": 0.0,
        "MALICIOUS": 0.0,
        "SANE": 0.0,
        "VALID": 0.0,
        "total": 100.0
    }
}