{
    "counter": {
        "ACTIVE": 134,
        "INACTIVE": 3,
        "INVALID": 0,
        "MALICIOUS": 0,
        "SANE": 0,
        "VALID": 0,
        "total": 137
    },
    "percentage": {
        "ACTIVE": 97.81021897810218,
        "INACTIVE": 2.2222222222222223,
        "INVALID": 0,
        "MALICIOUS": 0,
        "SANE": 0,
        "VALID": 0,
        "total": 100.03244120032441
    }
}