{
    "counter": {
        "ACTIVE": 1116,
        "INACTIVE": 177,
        "INVALID": 0,
        "MALICIOUS": 0,
        "SANE": 0,
        "VALID": 0,
        "total": 1293
    },
    "percentage": {
        "ACTIVE": 86.31090487238978,
        "INACTIVE": 13.720930232558139,
        "INVALID": 0,
        "MALICIOUS": 0,
        "SANE": 0,
        "VALID": 0,
        "total": 100.03183510494793
    }
}