{
    "counter": {
        "ACTIVE": 1246,
        "INACTIVE": 226,
        "INVALID": 0,
        "MALICIOUS": 0,
        "SANE": 0,
        "VALID": 0,
        "total": 1472
    },
    "percentage": {
        "ACTIVE": 84.64673913043478,
        "INACTIVE": 15.416098226466575,
        "INVALID": 0,
        "MALICIOUS": 0,
        "SANE": 0,
        "VALID": 0,
        "total": 100.06283735690135
    }
}